City_ID,City,Country,Date,Lat,Lng,Max Temp,Humidity,Cloudiness,Wind Speed
0,Fort Nelson,CA,2022-07-14 21:53:37,58.8053,-122.7002,295.92,38,75,2.57
1,Hithadhoo,MV,2022-07-14 21:53:38,-0.6,73.0833,301.53,75,100,6.25
2,San Lawrenz,MT,2022-07-14 21:53:38,36.0553,14.204,298.63,78,0,2.2
3,Teya,RU,2022-07-14 21:53:39,60.3778,92.6267,282.28,86,100,1.33
4,Hovd,MN,2022-07-14 21:53:39,48.0056,91.6419,284.45,59,44,1.46
5,Mataura,NZ,2022-07-14 21:53:40,-46.1927,168.8643,276.75,99,100,1.22
6,Charters Towers,AU,2022-07-14 21:53:40,-20.1,146.2667,281.28,56,19,4.57
7,Wajima,JP,2022-07-14 21:53:41,37.4,136.9,297.84,88,85,7.49
8,Ozernovskiy,RU,2022-07-14 21:53:41,51.5,156.5167,284.46,99,100,1.77
9,Hilo,US,2022-07-14 21:52:35,19.7297,-155.09,303.31,79,100,2.57
10,Busselton,AU,2022-07-14 21:52:48,-33.65,115.3333,287.89,75,64,6.05
11,Jijiga,ET,2022-07-14 21:53:42,9.35,42.8,291.92,70,99,6.84
12,Port Augusta,AU,2022-07-14 21:53:43,-32.5,137.7667,278.94,75,0,3.37
13,Kapaa,US,2022-07-14 21:53:43,22.0752,-159.319,302.14,80,87,2.68
14,Holme,DK,2022-07-14 21:53:43,56.1138,10.1725,285.91,76,92,8.89
15,Ilulissat,GL,2022-07-14 21:53:44,69.2167,-51.1,281.54,54,10,3.44
16,Faanui,PF,2022-07-14 21:53:44,-16.4833,-151.75,298.7,60,99,10.38
17,Esperance,AU,2022-07-14 21:53:45,-33.8667,121.9,287.48,80,18,8.97
18,Ribeira Grande,PT,2022-07-14 21:53:45,38.5167,-28.7,294.69,92,88,5.65
19,Rikitea,PF,2022-07-14 21:53:46,-23.1203,-134.9692,293.07,76,100,2.47
20,Chippewa Falls,US,2022-07-14 21:52:28,44.9369,-91.3929,301.25,54,75,5.14
21,Dwarka,IN,2022-07-14 21:53:46,22.2394,68.9678,300.73,87,100,4.88
22,San Vicente,AR,2022-07-14 21:53:47,-26.6167,-54.1333,292.88,68,74,3.28
23,Saldanha,ZA,2022-07-14 21:53:47,-33.0117,17.9442,282.18,86,1,4.88
24,Berezovyy,RU,2022-07-14 21:53:47,51.6667,135.7,293.14,89,100,1.5
25,Castro,BR,2022-07-14 21:53:48,-24.7911,-50.0119,288.62,75,46,1.32
26,Mecca,SA,2022-07-14 21:53:48,21.4267,39.8261,305.39,30,97,1.64
27,Youkounkoun,GN,2022-07-14 21:53:49,12.5333,-13.1333,298.56,88,93,2.74
28,Kahului,US,2022-07-14 21:53:49,20.8947,-156.47,303.16,65,40,9.77
29,Punta Arenas,CL,2022-07-14 21:53:01,-53.15,-70.9167,274.21,93,75,1.03
30,Ponta Do Sol,PT,2022-07-14 21:53:50,32.6667,-17.1,295.93,74,27,2.68
31,Hobart,AU,2022-07-14 21:53:50,-42.8794,147.3294,279.85,95,75,1.54
32,Hermanus,ZA,2022-07-14 21:53:51,-34.4187,19.2345,283.6,83,11,2.27
33,Khatanga,RU,2022-07-14 21:53:51,71.9667,102.5,280.5,82,100,1.56
34,Puerto Ayora,EC,2022-07-14 21:53:52,-0.7393,-90.3518,298.13,91,77,4.02
35,Ushuaia,AR,2022-07-14 21:50:30,-54.8,-68.3,270.96,80,0,1.54
36,Port Lincoln,AU,2022-07-14 21:53:52,-34.7333,135.8667,283.24,63,68,5.75
37,Katsuura,JP,2022-07-14 21:53:53,35.1333,140.3,297.16,91,77,3.16
38,Punto Fijo,VE,2022-07-14 21:53:53,11.6956,-70.1996,300.72,69,26,11.4
39,Iralaya,HN,2022-07-14 21:53:53,15.0,-83.2333,301.25,74,96,4.7
40,Kaitangata,NZ,2022-07-14 21:53:54,-46.2817,169.8464,277.21,95,100,3.11
41,Atuona,PF,2022-07-14 21:53:54,-9.8,-139.0333,298.47,70,8,6.52
42,Vao,NC,2022-07-14 21:53:55,-22.6667,167.4833,294.86,55,30,10.08
43,La Ronge,CA,2022-07-14 21:53:55,55.1001,-105.2842,299.29,27,75,5.14
44,Victoria,HK,2022-07-14 21:50:40,22.2855,114.1577,302.77,85,75,2.24
45,Souillac,MU,2022-07-14 21:53:56,-20.5167,57.5167,292.36,94,75,4.12
46,Phalaborwa,ZA,2022-07-14 21:54:56,-23.943,31.1411,291.75,51,0,7.19
47,Lebrija,ES,2022-07-14 21:54:56,36.9208,-6.0753,306.42,26,0,3.6
48,Manavalakurichi,IN,2022-07-14 21:54:57,8.1333,77.3,298.71,86,76,6.47
49,Taoudenni,ML,2022-07-14 21:54:57,22.6783,-3.9836,312.29,8,24,7.61
50,Cape Town,ZA,2022-07-14 21:54:58,-33.9258,18.4232,287.25,82,9,2.24
51,Saint-Philippe,RE,2022-07-14 21:54:58,-21.3585,55.7679,291.92,80,72,4.07
52,Tasiilaq,GL,2022-07-14 21:54:58,65.6145,-37.6368,278.3,71,100,3.27
53,Quelimane,MZ,2022-07-14 21:54:59,-17.8786,36.8883,293.12,83,0,1.03
54,Chokurdakh,RU,2022-07-14 21:54:59,70.6333,147.9167,287.03,57,91,3.5
55,Lebu,CL,2022-07-14 21:54:59,-37.6167,-73.65,279.96,81,100,3.26
56,Nenjiang,CN,2022-07-14 21:55:00,49.1833,125.2167,292.28,97,100,3.88
57,Sangar,RU,2022-07-14 21:55:00,63.9242,127.4739,291.2,89,90,0.92
58,Vaini,TO,2022-07-14 21:55:01,-21.2,-175.2,299.24,94,52,3.6
59,Port Alfred,ZA,2022-07-14 21:55:01,-33.5906,26.891,287.07,81,15,5.71
60,Poum,NC,2022-07-14 21:55:02,-20.2333,164.0167,294.9,55,6,7.96
61,Zirgan,RU,2022-07-14 21:55:02,53.2222,55.9185,294.71,69,96,1.64
62,Brae,GB,2022-07-14 21:55:03,60.3964,-1.353,284.18,91,81,5.33
63,Erenhot,CN,2022-07-14 21:55:04,43.6475,111.9767,297.31,26,99,2.97
64,Carbonia,IT,2022-07-14 21:55:04,39.1672,8.5222,299.27,80,2,1.27
65,Bredasdorp,ZA,2022-07-14 21:55:05,-34.5322,20.0403,283.89,83,35,0.95
66,Arraial Do Cabo,BR,2022-07-14 21:56:20,-22.9661,-42.0278,295.13,88,0,7.2
67,Pinega,RU,2022-07-14 21:56:21,64.7001,43.3936,291.59,62,100,0.87
68,Luderitz,NA,2022-07-14 21:56:21,-26.6481,15.1594,291.09,43,0,3.75
69,Piet Retief,ZA,2022-07-14 21:56:22,-27.0071,30.8132,282.9,86,46,1.78
70,Torbay,CA,2022-07-14 21:56:22,47.6666,-52.7314,289.2,80,75,5.14
71,Bluff,NZ,2022-07-14 21:56:23,-46.6,168.3333,276.93,80,100,7.21
72,Port Elizabeth,ZA,2022-07-14 21:56:23,-33.918,25.5701,286.66,80,0,5.14
73,Bethel,US,2022-07-14 21:53:42,41.3712,-73.414,303.02,59,61,3.0
74,Anadyr,RU,2022-07-14 21:56:24,64.75,177.4833,288.43,72,40,2.0
75,Qaanaaq,GL,2022-07-14 21:56:24,77.484,-69.3632,281.22,80,23,2.9
76,Brewster,US,2022-07-14 21:56:24,41.3973,-73.6171,303.23,58,67,0.89
77,Ketchikan,US,2022-07-14 21:56:25,55.3422,-131.6461,285.64,95,100,2.05
78,Gari,RU,2022-07-14 21:56:25,59.4307,62.3497,292.0,82,9,1.71
79,Rio Grande,BR,2022-07-14 21:56:26,-32.035,-52.0986,288.21,99,100,7.42
80,Laharpur,IN,2022-07-14 21:56:26,27.7167,80.9,302.69,66,92,4.06
81,Mumford,GH,2022-07-14 21:56:26,5.2618,-0.759,296.87,90,35,4.94
82,New Norfolk,AU,2022-07-14 21:56:27,-42.7826,147.0587,279.66,90,92,0.94
83,Ternate,ID,2022-07-14 21:56:27,0.8,127.4,299.46,80,100,0.54
84,San Fernando,PH,2022-07-14 21:54:06,15.0286,120.6898,300.0,90,95,0.34
85,Turukhansk,RU,2022-07-14 21:56:28,65.8167,87.9833,282.4,81,11,2.94
86,Santa Catalina,PH,2022-07-14 21:56:28,9.3337,122.8637,298.14,83,52,1.48
87,Bedesa,ET,2022-07-14 21:56:29,8.9,40.7833,291.0,81,96,0.88
88,Camacupa,AO,2022-07-14 21:56:29,-12.0167,17.4833,286.34,42,1,2.09
89,Cervo,ES,2022-07-14 21:56:30,43.6702,-7.4101,294.8,93,100,5.34
90,Norman Wells,CA,2022-07-14 21:56:30,65.282,-126.8329,285.17,71,100,6.17
91,Lyngseidet,NO,2022-07-14 21:56:30,69.5763,20.2189,285.15,99,100,3.68
92,Chiang Khong,TH,2022-07-14 21:57:31,20.2613,100.4046,295.99,99,86,0.51
93,Dingle,PH,2022-07-14 21:57:31,10.9995,122.6711,297.58,91,81,0.73
94,Burns Lake,CA,2022-07-14 21:57:32,54.2331,-125.7533,288.83,61,100,3.57
95,Namibe,AO,2022-07-14 21:57:32,-15.1961,12.1522,291.7,85,74,1.57
96,Cairns,AU,2022-07-14 21:57:33,-16.9167,145.7667,289.12,64,100,4.63
97,Prince Rupert,CA,2022-07-14 21:54:47,54.3161,-130.3201,287.2,85,100,12.86
98,Maridi,SS,2022-07-14 21:57:33,4.9158,29.4742,292.61,98,100,0.15
99,Barrow,US,2022-07-14 21:57:34,71.2906,-156.7887,276.37,66,8,3.47
100,Abnub,EG,2022-07-14 21:57:34,27.2696,31.1511,301.27,32,0,8.7
101,Linxia,CN,2022-07-14 21:57:35,35.6003,103.2064,292.48,84,100,0.98
102,Quatre Cocos,MU,2022-07-14 21:57:35,-20.2078,57.7625,293.76,76,50,4.87
103,Pevek,RU,2022-07-14 21:57:36,69.7008,170.3133,274.17,85,5,5.9
104,Yellowknife,CA,2022-07-14 21:57:36,62.456,-114.3525,294.44,46,75,4.12
105,Sao Joao Da Barra,BR,2022-07-14 21:57:37,-21.6403,-41.0511,297.2,88,4,5.73
106,Saint Stephen,GB,2022-07-14 21:57:37,50.3333,-4.9,288.3,77,38,3.09
107,Mahebourg,MU,2022-07-14 21:57:38,-20.4081,57.7,293.85,94,75,4.12
108,Kruisfontein,ZA,2022-07-14 21:57:38,-34.0033,24.7314,284.13,90,40,2.45
109,Itoman,JP,2022-07-14 21:57:38,26.1247,127.6694,302.16,89,75,2.57
110,Saint George,US,2022-07-14 21:53:06,37.1041,-113.5841,312.39,23,0,9.77
111,Port Hedland,AU,2022-07-14 21:57:39,-20.3167,118.5667,283.18,87,44,2.57
112,Tilichiki,RU,2022-07-14 21:57:40,60.4667,166.1,291.06,65,12,7.49
113,Rovaniemi,FI,2022-07-14 21:57:40,66.5,25.7167,288.82,88,0,2.57
114,Butaritari,KI,2022-07-14 21:57:40,3.0707,172.7902,300.83,81,31,8.39
115,Geraldton,AU,2022-07-14 21:55:14,-28.7667,114.6,284.38,93,40,2.57
116,Pacific Grove,US,2022-07-14 21:57:41,36.6177,-121.9166,301.7,79,26,4.02
117,Izacic,BA,2022-07-14 21:57:41,44.875,15.7819,293.23,54,22,2.22
118,Paamiut,GL,2022-07-14 21:57:42,61.994,-49.6678,278.69,97,100,1.53
119,Kuybyshevo,RU,2022-07-14 21:57:42,47.8123,38.9073,289.09,75,0,2.44
120,Portland,US,2022-07-14 21:48:35,45.5234,-122.6762,302.93,42,20,4.63
121,Seguela,CI,2022-07-14 21:57:43,7.9611,-6.6731,295.51,93,100,2.45
122,Buala,SB,2022-07-14 21:57:44,-8.145,159.5921,300.85,71,100,2.08
123,Havre-Saint-Pierre,CA,2022-07-14 21:57:44,50.2334,-63.5986,292.35,63,0,3.6
124,Iroquois Falls,CA,2022-07-14 21:57:44,48.7669,-80.6831,295.48,34,5,1.53
125,Rakitovo,BG,2022-07-14 21:57:45,41.9833,24.0833,288.65,54,0,2.13
126,San Quintin,MX,2022-07-14 21:57:45,30.4833,-115.95,295.71,67,0,6.21
127,Namatanai,PG,2022-07-14 21:57:46,-3.6667,152.4333,300.24,79,95,3.13
128,Dikson,RU,2022-07-14 21:57:46,73.5069,80.5464,278.63,77,32,4.45
129,Albany,US,2022-07-14 21:54:11,42.6001,-73.9662,300.02,53,77,0.45
130,Rabo De Peixe,PT,2022-07-14 21:56:51,37.8,-25.5833,295.53,78,75,4.63
131,Belmonte,BR,2022-07-14 21:57:47,-15.8631,-38.8828,295.67,79,21,3.43
132,Mar Del Plata,AR,2022-07-14 21:57:45,-38.0023,-57.5575,285.42,96,100,5.14
133,Avarua,CK,2022-07-14 21:57:48,-21.2078,-159.775,298.18,61,75,7.2
134,Devarkonda,IN,2022-07-14 21:58:48,16.7,78.9333,297.27,79,100,9.43
135,Mahibadhoo,MV,2022-07-14 21:58:48,3.7833,72.9667,301.56,75,22,6.17
136,Auch,FR,2022-07-14 21:54:00,43.65,0.5833,301.12,88,6,2.5
137,Kodiak,US,2022-07-14 21:58:49,57.79,-152.4072,287.3,82,100,1.81
138,Irving,US,2022-07-14 21:56:36,32.814,-96.9489,309.51,41,14,11.26
139,Siderno,IT,2022-07-14 21:58:50,38.2779,16.302,294.45,60,0,3.55
140,Faizabad,IN,2022-07-14 21:58:50,26.7833,82.1333,306.2,53,99,5.59
141,Sitka,US,2022-07-14 21:55:39,57.0531,-135.33,286.28,87,100,2.5
142,Weiz,AT,2022-07-14 21:58:51,47.2167,15.6167,293.88,64,67,2.39
143,Beringovskiy,RU,2022-07-14 21:58:51,63.05,179.3167,281.3,98,100,5.14
144,Redlands,US,2022-07-14 21:58:52,34.0556,-117.1825,312.9,38,100,0.89
145,Akdepe,TM,2022-07-14 21:58:52,42.0551,59.3788,300.2,24,0,3.93
146,Sarkand,KZ,2022-07-14 21:58:53,45.41,79.9186,289.34,44,0,2.1
147,Bathsheba,BB,2022-07-14 21:58:53,13.2167,-59.5167,303.49,94,40,8.75
148,Krasnoselkup,RU,2022-07-14 21:58:54,65.7,82.4667,285.04,63,100,3.2
149,Codrington,AU,2022-07-14 21:58:54,-38.2667,141.9667,279.3,98,57,4.48
150,Cockburn Town,TC,2022-07-14 21:54:05,21.4612,-71.1419,300.79,79,95,8.61
151,Fortuna,US,2022-07-14 21:58:55,40.5982,-124.1573,290.29,77,43,0.45
152,East London,ZA,2022-07-14 21:58:55,-33.0153,27.9116,288.36,68,3,5.49
153,Tuktoyaktuk,CA,2022-07-14 21:58:55,69.4541,-133.0374,277.15,87,75,9.26
154,Dubbo,AU,2022-07-14 21:58:56,-32.25,148.6167,272.22,100,40,2.06
155,Tocopilla,CL,2022-07-14 21:54:05,-22.092,-70.1979,287.63,65,6,1.1
156,Dzerzhinskoye,RU,2022-07-14 21:58:57,56.8344,95.2283,285.4,72,93,0.75
157,Shu,KZ,2022-07-14 21:58:57,43.5983,73.7614,294.94,25,0,3.87
158,Te Anau,NZ,2022-07-14 21:58:57,-45.4167,167.7167,275.37,95,89,0.25
159,Necochea,AR,2022-07-14 21:58:58,-38.5473,-58.7368,283.41,93,100,6.31
160,Pamfila,GR,2022-07-14 21:58:58,39.1567,26.5217,295.98,62,0,7.02
161,Aguadilla,PR,2022-07-14 21:58:59,18.4275,-67.1541,301.84,79,75,6.64
162,Longyearbyen,SJ,2022-07-14 21:58:59,78.2186,15.6401,286.06,71,75,7.72
163,Galveston,US,2022-07-14 21:58:19,29.3669,-94.9669,305.13,68,40,3.6
164,Naberera,TZ,2022-07-14 21:59:00,-4.2,36.9333,287.73,85,91,4.78
165,Klaksvik,FO,2022-07-14 21:59:00,62.2266,-6.589,281.66,82,86,5.14
166,Comodoro Rivadavia,AR,2022-07-14 21:59:01,-45.8667,-67.5,275.07,87,75,5.14
167,Ahuimanu,US,2022-07-14 21:59:01,21.4447,-157.8378,301.13,77,70,4.02
168,Padang,ID,2022-07-14 21:59:01,-0.9492,100.3543,297.9,84,100,1.89
169,Itarema,BR,2022-07-14 21:59:02,-2.9248,-39.9167,299.35,79,11,7.12
170,Mawlaik,MM,2022-07-14 21:59:02,23.6333,94.4167,298.88,87,15,0.16
171,Kavieng,PG,2022-07-14 21:59:03,-2.5744,150.7967,300.91,78,100,5.88
172,Rawson,AR,2022-07-14 21:59:04,-43.3002,-65.1023,280.13,71,100,7.28
173,Sao Jose Da Coroa Grande,BR,2022-07-14 21:59:04,-8.8978,-35.1478,296.86,82,4,3.83
174,Buchanan,LR,2022-07-14 21:59:05,5.8808,-10.0467,297.39,85,100,4.22
175,Verkhniy Lomov,RU,2022-07-14 21:59:05,53.4678,43.5511,287.2,93,59,4.07
176,Bellevue,US,2022-07-14 21:53:24,47.6104,-122.2007,302.25,50,0,0.45
177,Leningradskiy,RU,2022-07-14 21:59:06,69.3833,178.4167,275.96,74,16,4.45
178,Koumac,NC,2022-07-14 22:00:07,-20.5667,164.2833,294.81,53,5,5.35
179,Sioux Lookout,CA,2022-07-14 22:00:08,50.1001,-91.917,297.71,41,95,3.47
180,Taloqan,AF,2022-07-14 22:00:09,36.7361,69.5345,297.92,22,0,2.21
181,Monroe,US,2022-07-14 21:56:02,43.1501,-77.6831,299.81,46,0,1.79
182,Merauke,ID,2022-07-14 22:00:10,-8.4667,140.3333,296.68,79,100,6.46
183,Valkla,EE,2022-07-14 22:00:11,59.4744,25.3186,286.18,84,91,3.65
184,Gat,IL,2022-07-14 22:00:11,31.61,34.7642,298.53,100,0,1.41
185,Smoky Lake,CA,2022-07-14 22:00:12,54.1169,-112.4686,295.24,62,95,4.54
186,Touros,BR,2022-07-14 21:57:36,-5.1989,-35.4608,298.03,78,13,6.75
187,Lindas,NO,2022-07-14 22:00:13,60.7381,5.16,284.18,78,92,3.35
188,Tual,ID,2022-07-14 22:00:14,-5.6667,132.75,299.39,78,99,10.44
189,Pisco,PE,2022-07-14 22:00:15,-13.7,-76.2167,291.49,78,98,3.15
190,Airai,TL,2022-07-14 22:00:16,-8.9266,125.4092,285.15,90,30,1.67
191,Saskylakh,RU,2022-07-14 22:00:16,71.9167,114.0833,278.95,82,100,2.25
192,Hervey Bay,AU,2022-07-14 22:00:17,-25.2986,152.8535,286.71,78,29,7.11
193,Evensk,RU,2022-07-14 22:00:18,61.95,159.2333,295.05,48,39,5.51
194,Sao Filipe,CV,2022-07-14 22:00:18,14.8961,-24.4956,297.08,77,10,3.94
195,Port-Cartier,CA,2022-07-14 22:00:19,50.0334,-66.8654,290.23,61,95,3.79
196,Zarzal,CO,2022-07-14 22:00:19,4.3946,-76.0715,296.5,88,53,1.74
197,Dosso,NE,2022-07-14 22:00:20,13.049,3.1937,304.75,50,27,4.22
198,Scarborough,GB,2022-07-14 21:57:37,54.2797,-0.4044,287.91,82,76,3.67
199,Grindavik,IS,2022-07-14 22:00:21,63.8424,-22.4338,283.41,76,75,2.57
200,Cherskiy,RU,2022-07-14 22:00:22,68.75,161.3,283.45,51,76,0.41
201,Jamestown,US,2022-07-14 22:00:23,42.097,-79.2353,298.18,43,0,1.34
202,Usinsk,RU,2022-07-14 22:00:08,65.9939,57.5281,293.43,75,78,4.32
203,Kant,IN,2022-07-14 22:00:23,27.8,79.8,303.21,61,100,5.0
204,Pedernales,DO,2022-07-14 22:00:24,18.0384,-71.744,302.17,68,100,2.73
205,Tengushevo,RU,2022-07-14 22:00:25,54.7686,42.7189,288.06,98,100,5.38
206,Faya,SA,2022-07-14 22:00:25,18.3851,42.4509,293.2,55,99,2.29
207,Havoysund,NO,2022-07-14 22:00:26,70.9963,24.6622,285.28,99,100,5.79
208,Romny,UA,2022-07-14 22:00:26,50.751,33.4747,287.99,89,0,2.52
209,Antonina,BR,2022-07-14 22:00:27,-25.4286,-48.7119,293.82,98,80,0.58
210,Kalmunai,LK,2022-07-14 21:59:09,7.4167,81.8167,299.42,64,89,1.33
211,Gazanjyk,TM,2022-07-14 22:00:28,39.2446,55.5154,302.38,19,0,1.97
212,Jiazi,CN,2022-07-14 22:00:28,22.8779,116.067,300.91,85,99,3.85
213,Aklavik,CA,2022-07-14 22:00:29,68.2191,-135.0107,281.46,56,99,8.92
214,Doka,SD,2022-07-14 22:00:29,13.5167,35.7667,295.48,87,100,2.02
215,Luena,AO,2022-07-14 22:00:30,-11.7833,19.9167,285.25,49,2,2.07
216,Praia Da Vitoria,PT,2022-07-14 22:00:30,38.7333,-27.0667,296.35,80,38,7.07
217,Kijang,KR,2022-07-14 22:00:31,35.2442,129.2139,298.0,86,61,1.46
218,Doha,QA,2022-07-14 21:56:57,25.2867,51.5333,307.09,79,57,1.54
219,Puerto Leguizamo,CO,2022-07-14 22:00:31,-0.1934,-74.7819,299.05,90,70,0.69
220,Rehoboth,NA,2022-07-14 22:00:32,-23.3167,17.0833,283.07,37,0,0.63
221,Kostomuksha,RU,2022-07-14 22:00:32,64.571,30.5767,285.85,90,16,2.39
222,Sao Desiderio,BR,2022-07-14 22:00:33,-12.3633,-44.9733,300.39,32,44,2.6
223,Peniche,PT,2022-07-14 22:00:33,39.3558,-9.3811,295.97,88,89,3.27
224,Numata,JP,2022-07-14 22:01:34,36.6333,139.05,294.33,89,100,1.49
225,Mount Gambier,AU,2022-07-14 22:01:34,-37.8333,140.7667,280.3,94,81,3.18
226,Burnie,AU,2022-07-14 22:01:35,-41.0667,145.9167,282.56,91,45,3.22
227,Haimen,CN,2022-07-14 22:01:35,23.1935,116.6142,300.09,85,100,4.09
228,Mangrol,IN,2022-07-14 22:01:36,21.1167,70.1167,299.83,92,100,8.03
229,Hasaki,JP,2022-07-14 22:01:36,35.7333,140.8333,298.31,87,90,4.12
230,Husavik,IS,2022-07-14 22:01:36,66.0449,-17.3389,282.01,83,27,1.27
231,Lavrentiya,RU,2022-07-14 22:01:37,65.5833,-171.0,283.37,69,100,4.64
232,Oktyabrskiy,RU,2022-07-14 22:01:37,54.4815,53.471,293.46,79,97,2.37
233,Hambantota,LK,2022-07-14 22:01:38,6.1241,81.1185,298.34,100,20,2.57
234,Boueni,YT,2022-07-14 22:01:38,-12.9025,45.0761,297.14,69,33,7.1
235,Subiaco,IT,2022-07-14 22:01:39,41.9254,13.0941,295.58,80,0,1.31
236,Tiksi,RU,2022-07-14 22:01:39,71.6872,128.8694,284.48,84,100,5.79
237,Mayya,RU,2022-07-14 22:01:39,61.7333,130.2811,292.77,89,16,1.43
238,Nabire,ID,2022-07-14 22:01:40,-3.3667,135.4833,297.78,91,99,1.24
239,Ponta Delgada,PT,2022-07-14 22:00:25,37.7333,-25.6667,296.21,88,75,4.63
240,Sistranda,NO,2022-07-14 22:01:40,63.7256,8.834,284.13,71,81,10.9
241,Takhli,TH,2022-07-14 22:01:41,15.2634,100.3438,300.23,88,99,2.1
242,Moelv,NO,2022-07-14 22:01:41,60.9333,10.7,280.35,71,36,1.41
243,Cabo San Lucas,MX,2022-07-14 21:59:57,22.8909,-109.9124,307.93,64,14,4.09
244,Vila Franca Do Campo,PT,2022-07-14 22:01:42,37.7167,-25.4333,296.04,93,92,4.02
245,Goderich,CA,2022-07-14 22:01:43,43.7501,-81.7165,293.1,70,0,2.76
246,Catamarca,AR,2022-07-14 22:01:43,-28.4696,-65.7852,291.81,29,0,1.74
247,Gizo,SB,2022-07-14 22:01:44,-8.103,156.8419,301.01,71,33,4.22
248,Ust-Shonosha,RU,2022-07-14 22:01:44,61.1531,41.343,287.45,85,48,1.63
249,Los Llanos De Aridane,ES,2022-07-14 22:01:45,28.6585,-17.9182,294.01,91,0,6.17
250,Port Blair,IN,2022-07-14 22:01:45,11.6667,92.75,300.21,84,100,7.57
251,Stephenville,US,2022-07-14 22:01:46,32.2207,-98.2023,300.15,65,0,4.63
252,Kochi,IN,2022-07-14 22:00:21,9.9399,76.2602,299.14,84,92,5.73
253,Severo-Kurilsk,RU,2022-07-14 22:01:46,50.6789,156.125,285.85,93,79,4.8
254,College,US,2022-07-14 22:01:47,64.8569,-147.8028,293.47,38,64,3.53
255,Mariestad,SE,2022-07-14 22:01:47,58.7097,13.8237,284.41,94,69,4.9
256,Teknaf,BD,2022-07-14 22:01:48,20.8624,92.3058,299.57,90,63,5.35
257,Half Moon Bay,US,2022-07-14 22:00:22,37.4636,-122.4286,305.67,74,100,6.17
258,Oistins,BB,2022-07-14 22:01:48,13.0667,-59.5333,300.1,80,40,9.03
259,Asau,RO,2022-07-14 22:01:49,46.4333,26.4,291.66,66,55,2.41
260,Jalu,LY,2022-07-14 22:01:49,29.0331,21.5482,298.39,49,0,7.08
261,Chake Chake,TZ,2022-07-14 22:01:50,-5.2459,39.7666,296.19,87,49,5.76
262,Acari,PE,2022-07-14 22:01:50,-15.4311,-74.6158,292.15,63,98,3.4
263,Broken Hill,AU,2022-07-14 22:01:50,-31.95,141.4333,277.86,77,0,2.47
264,Plettenberg Bay,ZA,2022-07-14 22:01:51,-34.0527,23.3716,286.0,84,74,1.72
265,Hamburg,DE,2022-07-14 22:01:51,53.55,10.0,287.2,77,0,4.63
266,Hualmay,PE,2022-07-14 21:59:39,-11.0964,-77.6139,290.65,76,46,6.47
267,Narsaq,GL,2022-07-14 22:01:52,60.9167,-46.05,288.27,61,100,2.64
268,Adrar,MR,2022-07-14 22:02:52,20.5022,-10.0711,310.33,19,39,3.0
269,Bosaso,SO,2022-07-14 22:02:53,11.2842,49.1816,306.94,40,73,10.1
270,Georgetown,MY,2022-07-14 22:00:21,5.4112,100.3354,299.76,88,20,0.0
271,Komsomolskiy,UZ,2022-07-14 22:02:54,40.4272,71.7189,297.09,24,0,1.27
272,Northam,GB,2022-07-14 22:02:54,51.0333,-4.2167,289.05,75,1,3.95
273,Pleshanovo,RU,2022-07-14 22:02:55,52.8333,53.4833,296.18,62,100,3.07
274,Pucallpa,PE,2022-07-14 22:02:55,-8.3791,-74.5539,304.34,49,99,0.44
275,Tacuati,PY,2022-07-14 22:02:55,-23.45,-56.5833,303.29,23,17,3.89
276,Bilibino,RU,2022-07-14 22:02:56,68.0546,166.4372,286.06,49,31,0.71
277,Uhlove,UA,2022-07-14 22:02:56,44.8215,33.6045,293.52,66,0,1.05
278,Taltal,CL,2022-07-14 22:02:57,-25.4,-70.4833,286.89,66,75,1.79
279,Uvalde,US,2022-07-14 22:02:57,29.3669,-99.767,312.11,27,0,4.12
280,Agua Dulce,MX,2022-07-14 21:58:14,18.1333,-94.1333,301.54,79,88,4.38
281,Fairbanks,US,2022-07-14 22:00:05,64.8378,-147.7164,293.48,37,64,0.89
282,Suchindram,IN,2022-07-14 22:02:58,8.15,77.4833,298.98,80,68,6.82
283,Sabha,LY,2022-07-14 22:02:58,27.0377,14.4283,300.93,25,0,6.07
284,Angoche,MZ,2022-07-14 22:02:59,-16.2325,39.9086,296.0,64,28,3.86
285,Lata,PT,2022-07-14 22:02:59,40.1629,-8.3327,297.08,40,98,1.38
286,Nacala,MZ,2022-07-14 22:03:00,-14.5428,40.6728,294.43,76,0,3.42
287,Bambous Virieux,MU,2022-07-14 22:03:00,-20.3428,57.7575,293.83,77,45,5.23
288,Tuatapere,NZ,2022-07-14 22:03:01,-46.1333,167.6833,278.7,90,100,2.32
289,Marrakesh,MA,2022-07-14 22:00:07,31.6315,-8.0083,307.19,27,40,4.12
290,Ust-Nera,RU,2022-07-14 22:03:01,64.5667,143.2,294.32,66,100,1.43
291,Neryungri,RU,2022-07-14 22:03:02,56.6709,124.6491,291.78,85,85,0.23
292,Berdigestyakh,RU,2022-07-14 22:03:03,62.0989,126.6992,292.34,93,9,1.53
293,Coquimbo,CL,2022-07-14 22:03:03,-29.9533,-71.3436,284.7,92,100,7.72
294,Abu Samrah,SY,2022-07-14 22:03:04,35.3029,37.1841,297.46,52,0,4.84
295,Antofagasta,CL,2022-07-14 22:03:04,-23.65,-70.4,286.46,76,59,0.47
296,Chuy,UY,2022-07-14 22:02:26,-33.6971,-53.4616,286.66,97,79,4.68
297,Hanna,CA,2022-07-14 22:03:05,51.6334,-111.9018,300.85,41,25,3.13
298,Yulara,AU,2022-07-14 22:03:06,-25.2406,130.9889,278.25,48,0,3.32
299,San Rafael,AR,2022-07-14 22:00:40,-34.6177,-68.3301,280.7,46,87,5.35
300,Hami,CN,2022-07-14 22:03:06,42.8,93.45,297.46,19,4,7.1
301,Bengkulu,ID,2022-07-14 22:03:07,-3.8004,102.2655,297.68,90,100,2.03
302,Coahuayana,MX,2022-07-14 22:03:08,18.7333,-103.6833,304.34,67,59,2.88
303,Ambikapur,IN,2022-07-14 22:03:08,23.1167,83.2,298.13,81,98,3.15
304,Moron,AR,2022-07-14 22:03:09,-34.6534,-58.6198,286.45,85,97,2.2
305,Saraland,US,2022-07-14 21:59:04,30.8207,-88.0706,305.27,69,98,3.06
306,Atambua,ID,2022-07-14 22:03:09,-9.1061,124.8925,292.14,86,19,2.45
307,Miandrivazo,MG,2022-07-14 22:03:10,-19.5167,45.4667,291.11,68,0,0.51
308,Iqaluit,CA,2022-07-14 22:03:10,63.7506,-68.5145,278.84,78,96,2.89
309,Nemuro,JP,2022-07-14 22:03:11,43.3236,145.575,288.52,91,100,5.23
310,Srednekolymsk,RU,2022-07-14 22:03:11,67.45,153.6833,287.68,36,58,4.68
311,Waipawa,NZ,2022-07-14 22:03:12,-41.4122,175.5153,280.9,70,100,3.65
312,Bonavista,CA,2022-07-14 22:03:12,48.6499,-53.1147,285.6,78,93,5.64
313,Nola,IT,2022-07-14 22:03:13,40.922,14.5329,298.38,76,0,0.49
314,Teguldet,RU,2022-07-14 22:04:13,57.3064,88.1667,284.4,80,99,1.7
315,Constitucion,CL,2022-07-14 22:04:14,-35.3333,-72.4167,282.35,81,80,5.24
316,Bumba,CD,2022-07-14 22:04:14,2.1833,22.4667,294.34,96,100,0.83
317,Bhag,PK,2022-07-14 22:04:14,29.0415,67.8239,304.38,59,100,2.6
318,Pangoa,PE,2022-07-14 22:04:15,-12.1167,-73.0,296.24,87,97,0.44
319,Neiafu,TO,2022-07-14 22:04:15,-18.65,-173.9833,299.53,89,40,4.63
320,Jega,NG,2022-07-14 22:04:16,12.2175,4.3792,303.84,53,49,3.25
321,Buta,CD,2022-07-14 22:04:16,2.7858,24.73,293.71,99,100,1.02
322,Nobeoka,JP,2022-07-14 22:04:17,32.5833,131.6667,298.98,87,65,1.63
323,Fallon,US,2022-07-14 22:04:17,39.4735,-118.7774,310.33,7,40,0.0
324,Sabang,ID,2022-07-14 22:04:18,5.8933,95.3214,301.23,75,74,7.29
325,Thinadhoo,MV,2022-07-14 22:01:29,0.5333,72.9333,301.33,76,67,4.95
326,Koping,SE,2022-07-14 22:04:18,59.514,15.9926,286.98,57,96,4.07
327,Pacifica,US,2022-07-14 22:03:43,37.6138,-122.4869,302.67,75,20,8.75
328,Verkhoyansk,RU,2022-07-14 22:04:19,67.5447,133.385,294.14,54,41,0.99
329,Salalah,OM,2022-07-14 22:04:19,17.0151,54.0924,298.38,95,99,3.16
330,Estelle,US,2022-07-14 22:04:20,29.8458,-90.1067,302.04,69,75,3.09
331,Lovozero,RU,2022-07-14 22:04:20,68.005,35.0117,286.91,91,49,2.95
332,Malanje,AO,2022-07-14 22:04:21,-9.5402,16.341,291.82,33,1,1.07
333,San Carlos De Bariloche,AR,2022-07-14 22:04:21,-41.1456,-71.3082,273.01,80,75,4.63
334,Juneau,US,2022-07-14 22:00:07,58.3019,-134.4197,288.83,91,92,1.4
335,Santiago,CL,2022-07-14 21:57:10,-33.4569,-70.6483,282.84,72,75,3.09
336,Talnakh,RU,2022-07-14 22:04:22,69.4865,88.3972,281.6,71,99,0.86
337,Podgornoye,RU,2022-07-14 22:04:22,51.735,39.1496,288.27,88,0,3.0
338,San Juan,AR,2022-07-14 22:03:55,-31.5375,-68.5364,283.87,38,78,6.73
339,Ostrovnoy,RU,2022-07-14 22:04:23,68.0531,39.5131,287.81,89,100,5.67
340,Homer,US,2022-07-14 22:04:23,59.6425,-151.5483,287.48,86,100,0.45
341,Sarankhola,BD,2022-07-14 22:04:24,22.3082,89.7897,300.48,86,42,3.56
342,Shelabolikha,RU,2022-07-14 22:04:24,53.4131,82.6167,287.41,54,100,3.12
343,Venice,US,2022-07-14 22:04:24,27.0998,-82.4543,303.18,88,75,3.6
344,Senador Guiomard,BR,2022-07-14 22:04:25,-10.1522,-67.7392,302.01,63,100,1.59
345,Nunoa,PE,2022-07-14 22:04:25,-14.48,-70.6411,285.15,30,100,3.78
346,Thaton,MM,2022-07-14 22:04:26,16.9206,97.3714,296.92,97,100,1.55
347,Zaozerne,UA,2022-07-14 22:04:26,45.1582,33.2787,294.66,67,0,1.43
348,Tuensang,IN,2022-07-14 22:04:27,26.2833,94.8333,294.45,98,13,1.68
349,Flin Flon,CA,2022-07-14 22:02:05,54.7682,-101.865,299.95,24,2,6.02
350,Penzance,GB,2022-07-14 22:04:28,50.1186,-5.5371,287.53,71,59,5.59
351,Rivadavia,AR,2022-07-14 22:04:28,-33.1905,-68.4608,283.53,36,100,6.67
352,Mattru,SL,2022-07-14 22:04:28,7.6244,-11.8332,295.89,98,100,1.34
353,Cidreira,BR,2022-07-14 22:04:29,-30.1811,-50.2056,289.2,96,100,6.91
354,Hvolsvollur,IS,2022-07-14 22:04:29,63.7533,-20.2243,281.81,86,58,1.65
355,Saint-Pierre,RE,2022-07-14 22:03:22,-21.3393,55.4781,292.54,77,0,3.09
356,Orcopampa,PE,2022-07-14 22:04:30,-15.2661,-72.3417,283.28,34,51,3.61
357,Atar,MR,2022-07-14 22:04:31,20.5169,-13.0499,308.76,27,91,1.05
358,Hamilton,US,2022-07-14 21:50:19,39.1834,-84.5333,303.58,45,40,4.63
359,Upernavik,GL,2022-07-14 22:03:42,72.7868,-56.1549,277.38,89,16,6.05
360,Malpe,IN,2022-07-14 22:05:31,13.35,74.7167,298.76,81,71,8.66
361,Rundu,NA,2022-07-14 22:05:32,-17.9333,19.7667,285.47,38,1,2.95
362,Calbuco,CL,2022-07-14 22:05:32,-41.768,-73.1273,277.71,71,47,3.01
363,Luba,GQ,2022-07-14 22:05:33,3.4568,8.5547,298.3,85,73,4.35
364,Alice Springs,AU,2022-07-14 22:03:43,-23.7,133.8833,268.9,80,0,0.0
365,Mitu,CO,2022-07-14 22:05:33,1.1983,-70.1733,297.69,94,84,0.95
366,Carroll,US,2022-07-14 22:05:34,39.5501,-77.0164,304.31,49,38,2.24
367,Marsh Harbour,BS,2022-07-14 22:05:32,26.5412,-77.0636,301.62,64,7,5.14
368,Pangody,RU,2022-07-14 22:05:34,65.85,74.4859,285.28,61,11,3.44
369,Ambam,CM,2022-07-14 22:05:35,2.3833,11.2833,292.55,99,50,1.32
370,Mayor Pablo Lagerenza,PY,2022-07-14 22:05:35,-19.9309,-60.7718,305.29,33,80,7.39
371,Quang Ngai,VN,2022-07-14 22:05:04,15.1167,108.8,297.83,91,70,1.8
372,Saint Anthony,US,2022-07-14 22:05:36,45.0205,-93.218,304.31,57,40,6.69
373,Cehu Silvaniei,RO,2022-07-14 22:05:36,47.4112,23.1823,294.97,47,85,2.2
374,Douglas,US,2022-07-14 21:56:10,41.3,-96.167,309.03,43,0,7.2
375,Along,IN,2022-07-14 22:05:37,28.1667,94.7667,296.57,96,23,0.99
376,Steinbach,DE,2022-07-14 22:05:37,50.1667,8.5667,293.7,40,0,2.57
377,Pravdinsk,RU,2022-07-14 22:05:38,54.4429,21.0179,285.03,85,100,3.21
378,Ayame,CI,2022-07-14 22:05:38,5.6083,-3.1563,295.71,97,100,1.62
379,Camocim,BR,2022-07-14 22:05:39,-2.9022,-40.8411,299.66,78,33,6.31
380,Anderson,US,2022-07-14 22:05:39,34.5334,-82.6499,304.56,63,75,3.09
381,Shingu,JP,2022-07-14 22:05:39,33.7333,135.9833,297.01,95,94,0.54
382,Ambilobe,MG,2022-07-14 22:05:40,-13.2,49.05,294.18,75,80,1.69
383,Moses Lake,US,2022-07-14 22:05:40,47.1301,-119.2781,307.53,18,0,3.27
384,San Isidro,PE,2022-07-14 22:05:41,-12.1167,-77.05,288.92,77,100,6.69
385,Fomboni,KM,2022-07-14 22:05:41,-12.28,43.7425,298.19,69,24,6.84
386,Clyde River,CA,2022-07-14 22:05:41,70.4692,-68.5914,283.57,57,36,1.18
387,Mnogovershinnyy,RU,2022-07-14 22:05:42,53.9353,139.9242,292.8,72,81,0.41
388,Thompson,CA,2022-07-14 22:01:39,55.7435,-97.8558,301.81,36,76,2.74
389,Catuday,PH,2022-07-14 22:05:43,16.2923,119.8062,299.76,82,100,4.69
390,Sorong,ID,2022-07-14 22:05:43,-0.8833,131.25,298.19,90,100,4.73
391,Formosa,AR,2022-07-14 22:05:44,-26.1775,-58.1781,302.12,35,99,3.67
392,Altamira,BR,2022-07-14 22:01:21,-3.2033,-52.2064,297.79,85,100,1.27
393,Valday,RU,2022-07-14 22:05:44,57.9747,33.2525,284.77,97,94,1.87
394,Sheridan,US,2022-07-14 22:05:45,44.8333,-106.9173,307.98,27,0,2.06
395,Lerwick,GB,2022-07-14 22:05:45,60.1545,-1.1494,284.15,91,74,6.65
396,Balkhash,KZ,2022-07-14 22:05:46,46.844,74.9804,296.22,36,0,3.74
397,Noshiro,JP,2022-07-14 22:05:46,40.2039,140.0242,294.29,90,100,4.63
398,Pontes E Lacerda,BR,2022-07-14 22:05:47,-15.2261,-59.3353,300.2,36,48,1.62
399,Isangel,VU,2022-07-14 22:05:47,-19.55,169.2667,298.11,78,10,2.72
400,Smithers,CA,2022-07-14 22:03:51,54.7804,-127.1743,288.89,61,99,1.22
401,Suntar,RU,2022-07-14 22:06:48,62.1444,117.6319,292.84,79,41,1.81
402,Qianguo,CN,2022-07-14 22:06:48,45.1171,124.8568,291.47,96,84,4.76
403,Oussouye,SN,2022-07-14 22:06:49,12.485,-16.5469,299.68,84,100,2.17
404,Ayan,RU,2022-07-14 22:06:49,56.45,138.1667,289.04,94,100,1.36
405,Luangwa,ZM,2022-07-14 22:06:50,-15.6167,30.4167,289.78,65,32,1.61
406,Katherine,AU,2022-07-14 22:06:50,-14.4667,132.2667,281.33,87,2,2.57
407,Petropavlovsk-Kamchatskiy,RU,2022-07-14 22:06:50,53.0452,158.6483,293.48,73,20,1.0
408,Dania Beach,US,2022-07-14 22:01:54,26.0523,-80.1439,306.48,61,20,6.17
409,Sola,VU,2022-07-14 22:06:51,-13.8833,167.55,299.73,71,56,1.77
410,Uberaba,BR,2022-07-14 22:06:51,-19.7483,-47.9319,294.08,41,27,3.48
411,Tucuma,BR,2022-07-14 22:06:52,-0.1833,-50.05,297.77,92,73,2.9
412,Carnarvon,AU,2022-07-14 22:06:52,-24.8667,113.6333,292.13,83,33,5.23
413,Fountain Hills,US,2022-07-14 22:03:23,33.6117,-111.7174,317.01,20,0,4.12
414,Santa Cruz Cabralia,BR,2022-07-14 22:06:53,-16.2781,-39.0247,297.28,73,40,3.09
415,Tiarei,PF,2022-07-14 22:06:53,-17.5333,-149.3333,301.16,66,23,10.75
416,Udachnyy,RU,2022-07-14 22:06:54,66.4167,112.4,284.51,81,100,5.07
417,Lensk,RU,2022-07-14 22:06:54,60.7253,114.9278,292.43,76,1,1.08
418,Yerbogachen,RU,2022-07-14 22:06:55,61.2767,108.0108,284.91,93,100,1.44
419,Coihaique,CL,2022-07-14 22:04:03,-45.5752,-72.0662,274.49,75,100,2.06
420,Hobyo,SO,2022-07-14 22:06:55,5.3505,48.5268,298.37,82,100,10.42
421,Roald,NO,2022-07-14 22:06:56,62.5833,6.1333,284.68,76,20,3.6
422,Diban,SY,2022-07-14 22:06:56,35.0365,40.5167,305.1,27,0,7.88
423,Malakal,SS,2022-07-14 22:06:57,9.5334,31.6605,294.54,97,100,2.82
424,Mizdah,LY,2022-07-14 22:06:57,31.4451,12.9801,296.03,54,0,6.29
425,Livingston,GB,2022-07-14 22:06:57,55.9029,-3.5226,286.63,78,75,3.6
426,Gilbues,BR,2022-07-14 22:06:58,-9.8317,-45.3439,300.15,35,21,3.21
427,Skibbereen,IE,2022-07-14 22:06:58,51.55,-9.2667,288.21,88,3,2.14
428,Magadan,RU,2022-07-14 22:03:33,59.5667,150.8,295.67,69,98,4.21
429,Deputatskiy,RU,2022-07-14 22:06:59,69.3,139.9,287.81,62,72,1.43
430,Velsk,RU,2022-07-14 22:06:59,61.0701,42.0983,287.73,86,15,1.27
431,Buraydah,SA,2022-07-14 22:07:00,26.326,43.975,304.55,15,2,3.59
432,Bonfim,BR,2022-07-14 22:07:00,3.0833,-59.95,299.58,82,93,1.4
433,Tessalit,ML,2022-07-14 22:07:01,20.1986,1.0114,308.49,28,6,5.93
434,Khani,GE,2022-07-14 22:07:01,41.9563,42.9566,287.91,96,68,0.88
435,Naze,JP,2022-07-14 22:05:56,28.3667,129.4833,299.81,88,96,4.51
436,Capari,MK,2022-07-14 22:07:02,41.0561,21.1783,288.27,55,0,0.57
437,Nyagan,RU,2022-07-14 22:07:02,62.1406,65.3936,291.89,76,25,1.56
438,Cortes,ES,2022-07-14 22:07:03,41.9395,-1.4396,304.18,27,4,5.86
439,Gewane,ET,2022-07-14 22:07:03,10.1664,40.6453,300.39,52,94,6.25
440,Lorengau,PG,2022-07-14 22:07:04,-2.0226,147.2712,300.68,77,100,1.97
441,Aksu,CN,2022-07-14 22:07:05,41.1231,80.2644,296.63,35,98,1.53
442,Rajapalaiyam,IN,2022-07-14 22:07:05,9.45,77.5667,298.86,63,99,3.28
443,The Valley,AI,2022-07-14 22:07:05,18.217,-63.0578,302.07,81,25,9.85
444,Maxixe,MZ,2022-07-14 22:07:06,-23.8597,35.3472,291.38,70,0,2.36
445,Arlit,NE,2022-07-14 22:07:06,18.7369,7.3853,307.81,13,10,3.75
446,Arthur,US,2022-07-14 22:04:28,39.7148,-88.4723,303.03,68,1,0.45
447,Tommot,RU,2022-07-14 22:08:07,58.9564,126.2925,293.83,80,88,0.88
448,Porto Novo,BJ,2022-07-14 22:08:08,6.4965,2.6036,297.53,87,99,3.39
449,Belyy Yar,RU,2022-07-14 22:08:08,53.6039,91.3903,284.09,80,0,2.0
450,Bolama,GW,2022-07-14 22:08:09,11.5833,-15.4667,299.92,82,100,5.26
451,Aban,RU,2022-07-14 22:08:09,56.67,96.06,285.4,67,94,0.84
452,Belaya Gora,RU,2022-07-14 22:08:09,68.5333,146.4167,290.43,59,31,2.54
453,Whitehorse,CA,2022-07-14 22:08:10,60.7161,-135.0538,285.98,89,100,1.34
454,Asuncion,PY,2022-07-14 22:07:25,-25.3007,-57.6359,300.84,54,40,4.12
455,Ruteng,ID,2022-07-14 22:08:11,-8.6136,120.4721,287.75,90,13,0.73
456,Port Keats,AU,2022-07-14 22:08:11,-14.25,129.55,286.81,53,16,4.06
457,Florence,IT,2022-07-14 22:05:09,43.7667,11.25,299.0,73,0,2.06
458,Ibiapina,BR,2022-07-14 22:08:12,-3.9233,-40.8894,296.44,51,50,2.14
459,Yeppoon,AU,2022-07-14 22:08:12,-23.1333,150.7333,283.03,68,0,2.62
460,Vila,PT,2022-07-14 22:08:12,42.0304,-8.1588,296.64,57,90,2.24
461,Port-Gentil,GA,2022-07-14 22:08:13,-0.7193,8.7815,297.13,83,20,4.63
462,Hays,US,2022-07-14 22:08:13,30.0502,-98.0336,310.88,40,22,3.13
463,Botshabelo,ZA,2022-07-14 22:08:14,-29.2702,26.7052,280.54,29,0,2.08
464,Ambon,ID,2022-07-14 22:08:15,-3.6954,128.1814,300.23,14,75,5.14
465,Sao Domingos,BR,2022-07-14 22:08:15,-13.3983,-46.3183,296.81,38,12,3.04
466,Yarada,IN,2022-07-14 22:08:15,17.65,83.2667,300.01,77,91,7.57
467,Orocue,CO,2022-07-14 22:08:16,4.7912,-71.3354,299.84,83,99,2.79
468,Pangai,TO,2022-07-14 22:08:16,-19.8,-174.35,299.04,75,82,6.89
469,Diofior,SN,2022-07-14 22:08:17,14.1833,-16.6667,300.03,74,91,5.89
470,Uddevalla,SE,2022-07-14 22:08:17,58.3478,11.9424,289.3,91,40,4.42
471,Kavaratti,IN,2022-07-14 22:08:17,10.5669,72.642,301.21,75,62,9.84
472,Clevelandia,BR,2022-07-14 22:08:18,-26.3958,-52.4708,290.83,71,52,4.77
473,Agadez,NE,2022-07-14 22:08:18,19.75,10.25,305.88,11,2,3.94
474,Requena,ES,2022-07-14 22:08:19,39.4883,-1.1004,294.14,52,0,2.21
475,Mitsamiouli,KM,2022-07-14 22:08:19,-11.3847,43.2844,298.21,71,45,3.36
476,Rincon,US,2022-07-14 22:08:19,32.296,-81.2354,304.13,61,100,2.38
477,Nelson Bay,AU,2022-07-14 22:08:20,-32.7167,152.15,284.82,87,56,5.81
478,San Patricio,US,2022-07-14 22:08:21,28.017,-97.5169,309.36,42,20,8.14
479,Rustenburg,ZA,2022-07-14 22:08:21,-25.6676,27.2421,285.58,30,0,3.21
480,Pangnirtung,CA,2022-07-14 22:08:21,66.1451,-65.7125,285.03,61,35,1.14
481,Olafsvik,IS,2022-07-14 22:08:22,64.8945,-23.7142,283.55,73,88,1.01
482,Heihe,CN,2022-07-14 22:08:22,50.2441,127.4902,295.04,92,10,2.01
483,Nikolskoye,RU,2022-07-14 22:07:32,59.7035,30.7861,288.04,95,99,1.82
484,Cayenne,GF,2022-07-14 22:08:23,4.9333,-52.3333,300.98,1,20,0.45
485,Flinders,AU,2022-07-14 22:08:23,-34.5833,150.8552,281.14,81,0,1.34
486,Nanakuli,US,2022-07-14 22:08:24,21.3906,-158.1547,303.12,61,75,4.63
487,Bay Roberts,CA,2022-07-14 22:08:24,47.5999,-53.2648,289.28,79,75,1.34
488,Karratha,AU,2022-07-14 22:08:25,-20.7377,116.8463,289.54,53,31,4.15
489,San Jose,US,2022-07-14 22:05:53,37.3394,-121.895,306.53,44,0,6.17
490,Makinsk,KZ,2022-07-14 22:08:25,52.6292,70.4169,291.01,73,15,1.32
491,Provideniya,RU,2022-07-14 22:08:26,64.3833,-173.3,286.21,71,0,6.0
492,Payson,US,2022-07-14 22:08:26,40.0444,-111.7321,307.82,27,75,5.66
493,Marsabit,KE,2022-07-14 22:09:27,2.3284,37.9899,289.7,83,98,10.81
494,La Asuncion,VE,2022-07-14 22:05:18,11.0333,-63.8628,299.96,79,25,5.49
495,Priargunsk,RU,2022-07-14 22:09:27,50.3691,119.1012,289.94,96,100,2.64
496,Kerrville,US,2022-07-14 22:09:28,30.0474,-99.1403,310.9,34,40,5.14
497,Deneysville,ZA,2022-07-14 22:09:28,-26.8908,28.0971,281.79,36,0,2.36
498,Alofi,NU,2022-07-14 22:09:28,-19.0595,-169.9187,300.09,69,75,7.72
499,Sitangkai,PH,2022-07-14 22:09:29,4.6628,119.3928,299.97,80,100,6.92
500,Tazovskiy,RU,2022-07-14 22:09:29,67.4667,78.7,282.9,71,11,1.69
501,Nago,JP,2022-07-14 22:09:30,26.5881,127.9761,302.62,88,93,3.93
502,Mao,ES,2022-07-14 22:09:30,39.8885,4.2658,297.46,83,0,0.0
503,Salym,RU,2022-07-14 22:09:30,60.0625,71.4789,285.38,98,8,1.92
504,Murgab,TM,2022-07-14 22:09:31,37.4966,61.9714,301.02,19,0,4.83
505,Lompoc,US,2022-07-14 22:09:31,34.6391,-120.4579,305.76,72,0,6.69
506,Mamburao,PH,2022-07-14 22:09:32,13.25,120.6667,298.92,80,36,1.17
507,Jardim,BR,2022-07-14 22:09:32,-21.4803,-56.1381,297.28,31,72,2.47
508,Muisne,EC,2022-07-14 22:09:33,0.6,-80.0333,297.32,83,98,4.36
509,Seydi,TM,2022-07-14 22:09:33,39.4816,62.9137,301.71,14,0,5.39
510,Harper,LR,2022-07-14 22:09:33,4.375,-7.7169,297.08,81,76,3.81
511,Howard Springs,AU,2022-07-14 22:09:34,-12.497,131.047,290.1,81,6,4.16
512,Fonte Boa,BR,2022-07-14 22:09:34,-2.4959,-66.2662,298.74,94,50,0.87
513,Viedma,AR,2022-07-14 22:09:35,-40.8135,-62.9967,281.95,85,100,8.3
514,Huarmey,PE,2022-07-14 22:09:35,-10.0681,-78.1522,291.29,76,13,5.99
515,Hella,NO,2022-07-14 22:09:36,67.2,14.4333,284.2,93,100,4.12
516,Kinshasa,CD,2022-07-14 22:04:43,-4.3246,15.3215,297.49,55,14,1.18
517,Bagdarin,RU,2022-07-14 22:09:36,54.4333,113.6,287.21,96,76,0.95
518,Krasnoarmeysk,RU,2022-07-14 22:09:37,51.0239,45.6969,288.14,82,26,5.42
519,Gold Coast,AU,2022-07-14 22:09:37,-28.0,153.4333,288.19,79,1,4.63
520,Nantucket,US,2022-07-14 22:09:38,41.2835,-70.0995,300.21,88,100,2.57
521,Gorontalo,ID,2022-07-14 22:09:38,0.5412,123.0595,296.97,98,100,1.51
522,Jumla,NP,2022-07-14 22:03:14,29.2747,82.1838,289.78,91,100,1.36
523,Manzhouli,CN,2022-07-14 22:09:39,49.6,117.4333,289.65,94,100,2.35
524,Iskateley,RU,2022-07-14 22:09:39,67.6803,53.1512,293.37,74,86,2.8
525,Bilma,NE,2022-07-14 22:07:57,18.6853,12.9164,306.6,20,8,2.52
526,Severnoye,RU,2022-07-14 22:09:40,56.3491,78.3619,285.48,96,100,5.87
527,Riyadh,SA,2022-07-14 22:05:27,24.6877,46.7219,306.23,11,72,3.7
528,Bardiyah,LY,2022-07-14 22:09:40,31.7561,25.0865,297.59,57,0,6.02
529,Lyuban,BY,2022-07-14 22:09:41,52.7985,28.0048,284.74,92,2,2.51
530,Krasne,UA,2022-07-14 22:09:41,49.9145,24.6134,290.71,89,97,1.11
531,Barmer,IN,2022-07-14 22:09:42,25.75,71.3833,303.12,70,100,3.35
532,Hamadan,IR,2022-07-14 22:09:42,34.7992,48.5146,294.29,21,0,3.31
533,Manokwari,ID,2022-07-14 22:05:26,-0.8667,134.0833,298.73,82,92,1.85
534,Lasa,IT,2022-07-14 22:09:43,46.6166,10.7002,292.8,75,33,1.74
535,Lamar,US,2022-07-14 22:09:43,33.6668,-95.5836,312.03,38,0,4.63
536,Batagay-Alyta,RU,2022-07-14 22:09:43,67.8006,130.4114,293.07,57,70,0.39
537,Monchique,PT,2022-07-14 22:09:44,37.3177,-8.5553,293.81,56,32,2.1
538,Avera,US,2022-07-14 22:09:44,33.194,-82.5271,303.18,65,100,2.82
539,Henties Bay,NA,2022-07-14 22:09:57,-22.116,14.2845,287.91,72,0,3.14
540,Myaundzha,RU,2022-07-14 22:10:45,63.0494,147.1858,292.53,59,96,1.41
541,Tarauaca,BR,2022-07-14 22:10:03,-8.1614,-70.7656,300.69,74,100,1.07
542,Maceio,BR,2022-07-14 22:06:04,-9.6658,-35.7353,296.84,83,40,3.09
543,Saint-Jean-De-Maurienne,FR,2022-07-14 22:10:46,45.1667,6.5833,285.51,62,0,1.78
544,Ancud,CL,2022-07-14 22:10:46,-41.8697,-73.8203,277.98,82,29,2.35
545,Manicore,BR,2022-07-14 22:10:47,-5.8092,-61.3003,301.73,56,34,0.37
546,Makakilo City,US,2022-07-14 22:10:47,21.3469,-158.0858,302.33,61,75,6.69
547,Zhigansk,RU,2022-07-14 22:10:48,66.7697,123.3711,285.97,84,81,8.09
548,Ilek,RU,2022-07-14 22:10:48,51.5271,53.3831,298.11,47,99,3.42
549,Nhulunbuy,AU,2022-07-14 22:10:49,-12.2333,136.7667,295.49,73,98,5.14
550,Yuli,NG,2022-07-14 22:10:49,9.6989,10.2744,295.67,94,36,1.31
551,Yinchuan,CN,2022-07-14 22:10:50,38.4681,106.2731,296.84,74,54,2.18
552,Dasoguz,TM,2022-07-14 22:10:50,41.8363,59.9666,301.95,17,0,3.79
553,Uruzgan,AF,2022-07-14 22:10:51,32.8333,66.0,297.1,16,0,0.58
554,Albertville,US,2022-07-14 22:10:51,34.2676,-86.2089,305.74,39,0,2.06
555,Dahra,DZ,2022-07-14 22:10:52,36.2546,0.8519,297.27,50,0,3.69
556,Ierapetra,GR,2022-07-14 22:10:52,35.01,25.7353,298.79,51,0,1.79
557,Batsfjord,NO,2022-07-14 22:10:52,70.6345,29.7185,287.03,100,100,3.09
558,Acajutla,SV,2022-07-14 22:10:53,13.5928,-89.8275,302.25,69,89,3.61
559,Margate,GB,2022-07-14 22:10:53,51.3813,1.3862,289.99,78,80,0.89
560,Najran,SA,2022-07-14 22:10:54,17.4924,44.1277,303.48,24,97,0.81
561,North Platte,US,2022-07-14 22:09:28,41.1239,-100.7654,313.7,23,0,2.24
